{
  "resourceType" : "Bundle",
  "id" : "54a16201-9fff-4918-b9b8-0ee69c2e9f64",
  "meta" : {
    "lastUpdated" : "2024-11-21T10:21:22.635+00:00"
  },
  "type" : "collection",
  "entry" : [{
    "fullUrl" : "http://smart.who.int/ips-pilgrimage/ValueSet/OperatingSystem",
    "resource" : {
      "resourceType" : "ValueSet",
      "text" : {
        "status" : "generated",
        "div" : "<div xmlns=\"http://www.w3.org/1999/xhtml\"><p class=\"res-header-id\"><b>Generated Narrative: ValueSet </b></p><p style=\"border: black 1px dotted; background-color: #EEEEEE; padding: 8px; margin-bottom: 8px\">Expansion based on <a href=\"CodeSystem-OperatingSystemCs.html\">codesystem Operating System v1.0.1 (CodeSystem)</a></p><p>This value set contains 5 concepts</p><table class=\"codes\"><tr><td style=\"white-space:nowrap\"><b>Code</b></td><td><b>System</b></td><td><b>Display</b></td></tr><tr><td style=\"white-space:nowrap\"><a name=\"x-http://worldhealthorganization.github.io/smart-ips-pilgrimage/OperatingSystem-Linux\"> </a>\u00a0\u00a0<a href=\"CodeSystem-OperatingSystemCs.html#OperatingSystemCs-Linux\">Linux</a></td><td>http://worldhealthorganization.github.io/smart-ips-pilgrimage/OperatingSystem</td><td>Linux</td></tr><tr><td style=\"white-space:nowrap\"><a name=\"x-http://worldhealthorganization.github.io/smart-ips-pilgrimage/OperatingSystem-Unix\"> </a>\u00a0\u00a0<a href=\"CodeSystem-OperatingSystemCs.html#OperatingSystemCs-Unix\">Unix</a></td><td>http://worldhealthorganization.github.io/smart-ips-pilgrimage/OperatingSystem</td><td>Unix</td></tr><tr><td style=\"white-space:nowrap\"><a name=\"x-http://worldhealthorganization.github.io/smart-ips-pilgrimage/OperatingSystem-Windows\"> </a>\u00a0\u00a0<a href=\"CodeSystem-OperatingSystemCs.html#OperatingSystemCs-Windows\">Windows</a></td><td>http://worldhealthorganization.github.io/smart-ips-pilgrimage/OperatingSystem</td><td>Windows</td></tr><tr><td style=\"white-space:nowrap\"><a name=\"x-http://worldhealthorganization.github.io/smart-ips-pilgrimage/OperatingSystem-Mac\"> </a>\u00a0\u00a0<a href=\"CodeSystem-OperatingSystemCs.html#OperatingSystemCs-Mac\">Mac</a></td><td>http://worldhealthorganization.github.io/smart-ips-pilgrimage/OperatingSystem</td><td>Mac</td></tr><tr><td style=\"white-space:nowrap\"><a name=\"x-http://worldhealthorganization.github.io/smart-ips-pilgrimage/OperatingSystem-Other\"> </a>\u00a0\u00a0<a href=\"CodeSystem-OperatingSystemCs.html#OperatingSystemCs-Other\">Other</a></td><td>http://worldhealthorganization.github.io/smart-ips-pilgrimage/OperatingSystem</td><td>Other</td></tr></table></div>"
      },
      "url" : "http://smart.who.int/ips-pilgrimage/ValueSet/OperatingSystem",
      "version" : "1.0.1",
      "name" : "OperatingSystem",
      "title" : "Operating System",
      "status" : "draft",
      "expansion" : {
        "identifier" : "urn:uuid:76ba60f8-9360-444d-b7d2-2fa5571344f7",
        "timestamp" : "2024-11-21T10:22:23+00:00",
        "total" : 5,
        "offset" : 0,
        "parameter" : [{
          "name" : "count",
          "valueInteger" : 1000
        },
        {
          "name" : "offset",
          "valueInteger" : 0
        },
        {
          "name" : "excludeNested",
          "valueBoolean" : false
        },
        {
          "name" : "used-codesystem",
          "valueUri" : "http://worldhealthorganization.github.io/smart-ips-pilgrimage/OperatingSystem|1.0.1"
        }],
        "contains" : [{
          "system" : "http://worldhealthorganization.github.io/smart-ips-pilgrimage/OperatingSystem",
          "code" : "Linux",
          "display" : "Linux"
        },
        {
          "system" : "http://worldhealthorganization.github.io/smart-ips-pilgrimage/OperatingSystem",
          "code" : "Unix",
          "display" : "Unix"
        },
        {
          "system" : "http://worldhealthorganization.github.io/smart-ips-pilgrimage/OperatingSystem",
          "code" : "Windows",
          "display" : "Windows"
        },
        {
          "system" : "http://worldhealthorganization.github.io/smart-ips-pilgrimage/OperatingSystem",
          "code" : "Mac",
          "display" : "Mac"
        },
        {
          "system" : "http://worldhealthorganization.github.io/smart-ips-pilgrimage/OperatingSystem",
          "code" : "Other",
          "display" : "Other"
        }]
      }
    }
  },
  {
    "fullUrl" : "http://smart.who.int/ips-pilgrimage/ValueSet/Browser",
    "resource" : {
      "resourceType" : "ValueSet",
      "text" : {
        "status" : "generated",
        "div" : "<div xmlns=\"http://www.w3.org/1999/xhtml\"><p class=\"res-header-id\"><b>Generated Narrative: ValueSet </b></p><p style=\"border: black 1px dotted; background-color: #EEEEEE; padding: 8px; margin-bottom: 8px\">Expansion based on <a href=\"CodeSystem-BrowserCs.html\">codesystem Browser v1.0.1 (CodeSystem)</a></p><p>This value set contains 6 concepts</p><table class=\"codes\"><tr><td style=\"white-space:nowrap\"><b>Code</b></td><td><b>System</b></td><td><b>Display</b></td></tr><tr><td style=\"white-space:nowrap\"><a name=\"x-http://worldhealthorganization.github.io/smart-ips-pilgrimage/Browser-Firefox\"> </a>\u00a0\u00a0<a href=\"CodeSystem-BrowserCs.html#BrowserCs-Firefox\">Firefox</a></td><td>http://worldhealthorganization.github.io/smart-ips-pilgrimage/Browser</td><td>Firefox</td></tr><tr><td style=\"white-space:nowrap\"><a name=\"x-http://worldhealthorganization.github.io/smart-ips-pilgrimage/Browser-Chrome\"> </a>\u00a0\u00a0<a href=\"CodeSystem-BrowserCs.html#BrowserCs-Chrome\">Chrome</a></td><td>http://worldhealthorganization.github.io/smart-ips-pilgrimage/Browser</td><td>Chrome</td></tr><tr><td style=\"white-space:nowrap\"><a name=\"x-http://worldhealthorganization.github.io/smart-ips-pilgrimage/Browser-MicrosoftEdge\"> </a>\u00a0\u00a0<a href=\"CodeSystem-BrowserCs.html#BrowserCs-MicrosoftEdge\">MicrosoftEdge</a></td><td>http://worldhealthorganization.github.io/smart-ips-pilgrimage/Browser</td><td>MicrosoftEdge</td></tr><tr><td style=\"white-space:nowrap\"><a name=\"x-http://worldhealthorganization.github.io/smart-ips-pilgrimage/Browser-InternetExplorer\"> </a>\u00a0\u00a0<a href=\"CodeSystem-BrowserCs.html#BrowserCs-InternetExplorer\">InternetExplorer</a></td><td>http://worldhealthorganization.github.io/smart-ips-pilgrimage/Browser</td><td>InternetExplorer</td></tr><tr><td style=\"white-space:nowrap\"><a name=\"x-http://worldhealthorganization.github.io/smart-ips-pilgrimage/Browser-Safari\"> </a>\u00a0\u00a0<a href=\"CodeSystem-BrowserCs.html#BrowserCs-Safari\">Safari</a></td><td>http://worldhealthorganization.github.io/smart-ips-pilgrimage/Browser</td><td>Safari</td></tr><tr><td style=\"white-space:nowrap\"><a name=\"x-http://worldhealthorganization.github.io/smart-ips-pilgrimage/Browser-Other\"> </a>\u00a0\u00a0<a href=\"CodeSystem-BrowserCs.html#BrowserCs-Other\">Other</a></td><td>http://worldhealthorganization.github.io/smart-ips-pilgrimage/Browser</td><td>Other</td></tr></table></div>"
      },
      "url" : "http://smart.who.int/ips-pilgrimage/ValueSet/Browser",
      "version" : "1.0.1",
      "name" : "Browser",
      "title" : "Browser",
      "status" : "draft",
      "expansion" : {
        "identifier" : "urn:uuid:c775472d-3900-4613-97b0-5517a4a61f00",
        "timestamp" : "2024-11-21T10:22:23+00:00",
        "total" : 6,
        "offset" : 0,
        "parameter" : [{
          "name" : "count",
          "valueInteger" : 1000
        },
        {
          "name" : "offset",
          "valueInteger" : 0
        },
        {
          "name" : "excludeNested",
          "valueBoolean" : false
        },
        {
          "name" : "used-codesystem",
          "valueUri" : "http://worldhealthorganization.github.io/smart-ips-pilgrimage/Browser|1.0.1"
        }],
        "contains" : [{
          "system" : "http://worldhealthorganization.github.io/smart-ips-pilgrimage/Browser",
          "code" : "Firefox",
          "display" : "Firefox"
        },
        {
          "system" : "http://worldhealthorganization.github.io/smart-ips-pilgrimage/Browser",
          "code" : "Chrome",
          "display" : "Chrome"
        },
        {
          "system" : "http://worldhealthorganization.github.io/smart-ips-pilgrimage/Browser",
          "code" : "MicrosoftEdge",
          "display" : "MicrosoftEdge"
        },
        {
          "system" : "http://worldhealthorganization.github.io/smart-ips-pilgrimage/Browser",
          "code" : "InternetExplorer",
          "display" : "InternetExplorer"
        },
        {
          "system" : "http://worldhealthorganization.github.io/smart-ips-pilgrimage/Browser",
          "code" : "Safari",
          "display" : "Safari"
        },
        {
          "system" : "http://worldhealthorganization.github.io/smart-ips-pilgrimage/Browser",
          "code" : "Other",
          "display" : "Other"
        }]
      }
    }
  },
  {
    "fullUrl" : "http://smart.who.int/ips-pilgrimage/ValueSet/DistributionModel",
    "resource" : {
      "resourceType" : "ValueSet",
      "text" : {
        "status" : "generated",
        "div" : "<div xmlns=\"http://www.w3.org/1999/xhtml\"><p class=\"res-header-id\"><b>Generated Narrative: ValueSet </b></p><p style=\"border: black 1px dotted; background-color: #EEEEEE; padding: 8px; margin-bottom: 8px\">Expansion based on <a href=\"CodeSystem-DistributionModelCs.html\">codesystem Distribution Model v1.0.1 (CodeSystem)</a></p><p>This value set contains 3 concepts</p><table class=\"codes\"><tr><td style=\"white-space:nowrap\"><b>Code</b></td><td><b>System</b></td><td><b>Display</b></td></tr><tr><td style=\"white-space:nowrap\"><a name=\"x-http://worldhealthorganization.github.io/smart-ips-pilgrimage/DistributionModel-Cloud-based\"> </a>\u00a0\u00a0<a href=\"CodeSystem-DistributionModelCs.html#DistributionModelCs-Cloud-based\">Cloud-based</a></td><td>http://worldhealthorganization.github.io/smart-ips-pilgrimage/DistributionModel</td><td>Cloud-based</td></tr><tr><td style=\"white-space:nowrap\"><a name=\"x-http://worldhealthorganization.github.io/smart-ips-pilgrimage/DistributionModel-On-premise\"> </a>\u00a0\u00a0<a href=\"CodeSystem-DistributionModelCs.html#DistributionModelCs-On-premise\">On-premise</a></td><td>http://worldhealthorganization.github.io/smart-ips-pilgrimage/DistributionModel</td><td>On-premise</td></tr><tr><td style=\"white-space:nowrap\"><a name=\"x-http://worldhealthorganization.github.io/smart-ips-pilgrimage/DistributionModel-Hybrid\"> </a>\u00a0\u00a0<a href=\"CodeSystem-DistributionModelCs.html#DistributionModelCs-Hybrid\">Hybrid</a></td><td>http://worldhealthorganization.github.io/smart-ips-pilgrimage/DistributionModel</td><td>Hybrid</td></tr></table></div>"
      },
      "url" : "http://smart.who.int/ips-pilgrimage/ValueSet/DistributionModel",
      "version" : "1.0.1",
      "name" : "DistributionModel",
      "title" : "Distribution Model",
      "status" : "draft",
      "expansion" : {
        "identifier" : "urn:uuid:7b509f07-8c35-4cb6-8ed6-8bd240ea2cad",
        "timestamp" : "2024-11-21T10:22:23+00:00",
        "total" : 3,
        "offset" : 0,
        "parameter" : [{
          "name" : "count",
          "valueInteger" : 1000
        },
        {
          "name" : "offset",
          "valueInteger" : 0
        },
        {
          "name" : "excludeNested",
          "valueBoolean" : false
        },
        {
          "name" : "used-codesystem",
          "valueUri" : "http://worldhealthorganization.github.io/smart-ips-pilgrimage/DistributionModel|1.0.1"
        }],
        "contains" : [{
          "system" : "http://worldhealthorganization.github.io/smart-ips-pilgrimage/DistributionModel",
          "code" : "Cloud-based",
          "display" : "Cloud-based"
        },
        {
          "system" : "http://worldhealthorganization.github.io/smart-ips-pilgrimage/DistributionModel",
          "code" : "On-premise",
          "display" : "On-premise"
        },
        {
          "system" : "http://worldhealthorganization.github.io/smart-ips-pilgrimage/DistributionModel",
          "code" : "Hybrid",
          "display" : "Hybrid"
        }]
      }
    }
  },
  {
    "fullUrl" : "http://smart.who.int/ips-pilgrimage/ValueSet/LicensingModel",
    "resource" : {
      "resourceType" : "ValueSet",
      "text" : {
        "status" : "generated",
        "div" : "<div xmlns=\"http://www.w3.org/1999/xhtml\"><p class=\"res-header-id\"><b>Generated Narrative: ValueSet </b></p><p style=\"border: black 1px dotted; background-color: #EEEEEE; padding: 8px; margin-bottom: 8px\">Expansion based on <a href=\"CodeSystem-LicensingModelCs.html\">codesystem Licensing Model v1.0.1 (CodeSystem)</a></p><p>This value set contains 2 concepts</p><table class=\"codes\"><tr><td style=\"white-space:nowrap\"><b>Code</b></td><td><b>System</b></td><td><b>Display</b></td></tr><tr><td style=\"white-space:nowrap\"><a name=\"x-http://worldhealthorganization.github.io/smart-ips-pilgrimage/LicensingModel-Proprietary\"> </a>\u00a0\u00a0<a href=\"CodeSystem-LicensingModelCs.html#LicensingModelCs-Proprietary\">Proprietary</a></td><td>http://worldhealthorganization.github.io/smart-ips-pilgrimage/LicensingModel</td><td>Proprietary</td></tr><tr><td style=\"white-space:nowrap\"><a name=\"x-http://worldhealthorganization.github.io/smart-ips-pilgrimage/LicensingModel-Open-Source\"> </a>\u00a0\u00a0<a href=\"CodeSystem-LicensingModelCs.html#LicensingModelCs-Open-Source\">Open-Source</a></td><td>http://worldhealthorganization.github.io/smart-ips-pilgrimage/LicensingModel</td><td>Open-Source</td></tr></table></div>"
      },
      "url" : "http://smart.who.int/ips-pilgrimage/ValueSet/LicensingModel",
      "version" : "1.0.1",
      "name" : "LicensingModel",
      "title" : "Licensing Model",
      "status" : "draft",
      "expansion" : {
        "identifier" : "urn:uuid:9de65d84-2911-413f-908d-49cc024a9ceb",
        "timestamp" : "2024-11-21T10:22:24+00:00",
        "total" : 2,
        "offset" : 0,
        "parameter" : [{
          "name" : "count",
          "valueInteger" : 1000
        },
        {
          "name" : "offset",
          "valueInteger" : 0
        },
        {
          "name" : "excludeNested",
          "valueBoolean" : false
        },
        {
          "name" : "used-codesystem",
          "valueUri" : "http://worldhealthorganization.github.io/smart-ips-pilgrimage/LicensingModel|1.0.1"
        }],
        "contains" : [{
          "system" : "http://worldhealthorganization.github.io/smart-ips-pilgrimage/LicensingModel",
          "code" : "Proprietary",
          "display" : "Proprietary"
        },
        {
          "system" : "http://worldhealthorganization.github.io/smart-ips-pilgrimage/LicensingModel",
          "code" : "Open-Source",
          "display" : "Open-Source"
        }]
      }
    }
  },
  {
    "fullUrl" : "http://smart.who.int/ips-pilgrimage/ValueSet/Language",
    "resource" : {
      "resourceType" : "ValueSet",
      "text" : {
        "status" : "generated",
        "div" : "<div xmlns=\"http://www.w3.org/1999/xhtml\"><p class=\"res-header-id\"><b>Generated Narrative: ValueSet </b></p><p style=\"border: black 1px dotted; background-color: #EEEEEE; padding: 8px; margin-bottom: 8px\">Expansion based on <a href=\"CodeSystem-LanguageCs.html\">codesystem Language v1.0.1 (CodeSystem)</a></p><p>This value set contains 7 concepts</p><table class=\"codes\"><tr><td style=\"white-space:nowrap\"><b>Code</b></td><td><b>System</b></td><td><b>Display</b></td></tr><tr><td style=\"white-space:nowrap\"><a name=\"x-http://worldhealthorganization.github.io/smart-ips-pilgrimage/Language-Arabic\"> </a>\u00a0\u00a0<a href=\"CodeSystem-LanguageCs.html#LanguageCs-Arabic\">Arabic</a></td><td>http://worldhealthorganization.github.io/smart-ips-pilgrimage/Language</td><td>Arabic</td></tr><tr><td style=\"white-space:nowrap\"><a name=\"x-http://worldhealthorganization.github.io/smart-ips-pilgrimage/Language-Chinese\"> </a>\u00a0\u00a0<a href=\"CodeSystem-LanguageCs.html#LanguageCs-Chinese\">Chinese</a></td><td>http://worldhealthorganization.github.io/smart-ips-pilgrimage/Language</td><td>Chinese</td></tr><tr><td style=\"white-space:nowrap\"><a name=\"x-http://worldhealthorganization.github.io/smart-ips-pilgrimage/Language-English\"> </a>\u00a0\u00a0<a href=\"CodeSystem-LanguageCs.html#LanguageCs-English\">English</a></td><td>http://worldhealthorganization.github.io/smart-ips-pilgrimage/Language</td><td>English</td></tr><tr><td style=\"white-space:nowrap\"><a name=\"x-http://worldhealthorganization.github.io/smart-ips-pilgrimage/Language-French\"> </a>\u00a0\u00a0<a href=\"CodeSystem-LanguageCs.html#LanguageCs-French\">French</a></td><td>http://worldhealthorganization.github.io/smart-ips-pilgrimage/Language</td><td>French</td></tr><tr><td style=\"white-space:nowrap\"><a name=\"x-http://worldhealthorganization.github.io/smart-ips-pilgrimage/Language-Russian\"> </a>\u00a0\u00a0<a href=\"CodeSystem-LanguageCs.html#LanguageCs-Russian\">Russian</a></td><td>http://worldhealthorganization.github.io/smart-ips-pilgrimage/Language</td><td>Russian</td></tr><tr><td style=\"white-space:nowrap\"><a name=\"x-http://worldhealthorganization.github.io/smart-ips-pilgrimage/Language-Spanish\"> </a>\u00a0\u00a0<a href=\"CodeSystem-LanguageCs.html#LanguageCs-Spanish\">Spanish</a></td><td>http://worldhealthorganization.github.io/smart-ips-pilgrimage/Language</td><td>Spanish</td></tr><tr><td style=\"white-space:nowrap\"><a name=\"x-http://worldhealthorganization.github.io/smart-ips-pilgrimage/Language-Other\"> </a>\u00a0\u00a0<a href=\"CodeSystem-LanguageCs.html#LanguageCs-Other\">Other</a></td><td>http://worldhealthorganization.github.io/smart-ips-pilgrimage/Language</td><td>Other</td></tr></table></div>"
      },
      "url" : "http://smart.who.int/ips-pilgrimage/ValueSet/Language",
      "version" : "1.0.1",
      "name" : "Language",
      "title" : "Language",
      "status" : "draft",
      "expansion" : {
        "identifier" : "urn:uuid:69d26cc1-7895-4946-a8aa-b2f6b4f0ce8b",
        "timestamp" : "2024-11-21T10:22:24+00:00",
        "total" : 7,
        "offset" : 0,
        "parameter" : [{
          "name" : "count",
          "valueInteger" : 1000
        },
        {
          "name" : "offset",
          "valueInteger" : 0
        },
        {
          "name" : "excludeNested",
          "valueBoolean" : false
        },
        {
          "name" : "used-codesystem",
          "valueUri" : "http://worldhealthorganization.github.io/smart-ips-pilgrimage/Language|1.0.1"
        }],
        "contains" : [{
          "system" : "http://worldhealthorganization.github.io/smart-ips-pilgrimage/Language",
          "code" : "Arabic",
          "display" : "Arabic"
        },
        {
          "system" : "http://worldhealthorganization.github.io/smart-ips-pilgrimage/Language",
          "code" : "Chinese",
          "display" : "Chinese"
        },
        {
          "system" : "http://worldhealthorganization.github.io/smart-ips-pilgrimage/Language",
          "code" : "English",
          "display" : "English"
        },
        {
          "system" : "http://worldhealthorganization.github.io/smart-ips-pilgrimage/Language",
          "code" : "French",
          "display" : "French"
        },
        {
          "system" : "http://worldhealthorganization.github.io/smart-ips-pilgrimage/Language",
          "code" : "Russian",
          "display" : "Russian"
        },
        {
          "system" : "http://worldhealthorganization.github.io/smart-ips-pilgrimage/Language",
          "code" : "Spanish",
          "display" : "Spanish"
        },
        {
          "system" : "http://worldhealthorganization.github.io/smart-ips-pilgrimage/Language",
          "code" : "Other",
          "display" : "Other"
        }]
      }
    }
  },
  {
    "fullUrl" : "http://smart.who.int/ips-pilgrimage/ValueSet/IPS.HAJJ.ACTOR.SYSTEM",
    "resource" : {
      "resourceType" : "ValueSet",
      "text" : {
        "status" : "generated",
        "div" : "<div xmlns=\"http://www.w3.org/1999/xhtml\"><p class=\"res-header-id\"><b>Generated Narrative: ValueSet </b></p><p style=\"border: black 1px dotted; background-color: #EEEEEE; padding: 8px; margin-bottom: 8px\">Expansion based on <a href=\"CodeSystem-IPS.HAJJ.ACTOR.html\">codesystem IPS.HAJJ.ACTOR CodeSystem v1.0.1 (CodeSystem)</a></p><p>This value set contains 4 concepts</p><table class=\"codes\"><tr><td style=\"white-space:nowrap\"><b>Code</b></td><td><b>System</b></td><td><b>Display</b></td></tr><tr><td style=\"white-space:nowrap\"><a name=\"x-http://smart.who.int/ips-pilgrimage/CodeSystem/IPS.HAJJ.ACTOR-ochie\"> </a>\u00a0\u00a0<a href=\"CodeSystem-IPS.HAJJ.ACTOR.html#IPS.HAJJ.ACTOR-ochie\">ochie</a></td><td>http://smart.who.int/ips-pilgrimage/CodeSystem/IPS.HAJJ.ACTOR</td><td>Origin Country HIE</td></tr><tr><td style=\"white-space:nowrap\"><a name=\"x-http://smart.who.int/ips-pilgrimage/CodeSystem/IPS.HAJJ.ACTOR-ochw\"> </a>\u00a0\u00a0<a href=\"CodeSystem-IPS.HAJJ.ACTOR.html#IPS.HAJJ.ACTOR-ochw\">ochw</a></td><td>http://smart.who.int/ips-pilgrimage/CodeSystem/IPS.HAJJ.ACTOR</td><td>Origin Country Health Wallet</td></tr><tr><td style=\"white-space:nowrap\"><a name=\"x-http://smart.who.int/ips-pilgrimage/CodeSystem/IPS.HAJJ.ACTOR-hcemr\"> </a>\u00a0\u00a0<a href=\"CodeSystem-IPS.HAJJ.ACTOR.html#IPS.HAJJ.ACTOR-hcemr\">hcemr</a></td><td>http://smart.who.int/ips-pilgrimage/CodeSystem/IPS.HAJJ.ACTOR</td><td>Host Country EMR</td></tr><tr><td style=\"white-space:nowrap\"><a name=\"x-http://smart.who.int/ips-pilgrimage/CodeSystem/IPS.HAJJ.ACTOR-scanner\"> </a>\u00a0\u00a0<a href=\"CodeSystem-IPS.HAJJ.ACTOR.html#IPS.HAJJ.ACTOR-scanner\">scanner</a></td><td>http://smart.who.int/ips-pilgrimage/CodeSystem/IPS.HAJJ.ACTOR</td><td>Scanner</td></tr></table></div>"
      },
      "url" : "http://smart.who.int/ips-pilgrimage/ValueSet/IPS.HAJJ.ACTOR.SYSTEM",
      "version" : "1.0.1",
      "name" : "IPS_HAJJ_ACTOR_SYSTEM",
      "title" : "IPS.HAJJ.ACTOR.SYSTEM ValueSet of actor",
      "status" : "active",
      "experimental" : true,
      "expansion" : {
        "identifier" : "urn:uuid:9fa6d9ba-3335-4892-aaac-6bc3834307ba",
        "timestamp" : "2024-11-21T10:22:24+00:00",
        "total" : 4,
        "offset" : 0,
        "parameter" : [{
          "name" : "count",
          "valueInteger" : 1000
        },
        {
          "name" : "offset",
          "valueInteger" : 0
        },
        {
          "name" : "excludeNested",
          "valueBoolean" : false
        },
        {
          "name" : "used-codesystem",
          "valueUri" : "http://smart.who.int/ips-pilgrimage/CodeSystem/IPS.HAJJ.ACTOR|1.0.1"
        }],
        "contains" : [{
          "system" : "http://smart.who.int/ips-pilgrimage/CodeSystem/IPS.HAJJ.ACTOR",
          "code" : "ochie",
          "display" : "Origin Country HIE"
        },
        {
          "system" : "http://smart.who.int/ips-pilgrimage/CodeSystem/IPS.HAJJ.ACTOR",
          "code" : "ochw",
          "display" : "Origin Country Health Wallet"
        },
        {
          "system" : "http://smart.who.int/ips-pilgrimage/CodeSystem/IPS.HAJJ.ACTOR",
          "code" : "hcemr",
          "display" : "Host Country EMR"
        },
        {
          "system" : "http://smart.who.int/ips-pilgrimage/CodeSystem/IPS.HAJJ.ACTOR",
          "code" : "scanner",
          "display" : "Scanner"
        }]
      }
    }
  },
  {
    "fullUrl" : "http://smart.who.int/ips-pilgrimage/ValueSet/Browser",
    "resource" : {
      "resourceType" : "ValueSet",
      "text" : {
        "status" : "generated",
        "div" : "<div xmlns=\"http://www.w3.org/1999/xhtml\"><p class=\"res-header-id\"><b>Generated Narrative: ValueSet </b></p><p style=\"border: black 1px dotted; background-color: #EEEEEE; padding: 8px; margin-bottom: 8px\">Expansion based on <a href=\"CodeSystem-BrowserCs.html\">codesystem Browser v1.0.1 (CodeSystem)</a></p><p>This value set contains 6 concepts</p><table class=\"codes\"><tr><td style=\"white-space:nowrap\"><b>Code</b></td><td><b>System</b></td><td><b>Display</b></td></tr><tr><td style=\"white-space:nowrap\"><a name=\"x-http://worldhealthorganization.github.io/smart-ips-pilgrimage/Browser-Firefox\"> </a>\u00a0\u00a0<a href=\"CodeSystem-BrowserCs.html#BrowserCs-Firefox\">Firefox</a></td><td>http://worldhealthorganization.github.io/smart-ips-pilgrimage/Browser</td><td>Firefox</td></tr><tr><td style=\"white-space:nowrap\"><a name=\"x-http://worldhealthorganization.github.io/smart-ips-pilgrimage/Browser-Chrome\"> </a>\u00a0\u00a0<a href=\"CodeSystem-BrowserCs.html#BrowserCs-Chrome\">Chrome</a></td><td>http://worldhealthorganization.github.io/smart-ips-pilgrimage/Browser</td><td>Chrome</td></tr><tr><td style=\"white-space:nowrap\"><a name=\"x-http://worldhealthorganization.github.io/smart-ips-pilgrimage/Browser-MicrosoftEdge\"> </a>\u00a0\u00a0<a href=\"CodeSystem-BrowserCs.html#BrowserCs-MicrosoftEdge\">MicrosoftEdge</a></td><td>http://worldhealthorganization.github.io/smart-ips-pilgrimage/Browser</td><td>MicrosoftEdge</td></tr><tr><td style=\"white-space:nowrap\"><a name=\"x-http://worldhealthorganization.github.io/smart-ips-pilgrimage/Browser-InternetExplorer\"> </a>\u00a0\u00a0<a href=\"CodeSystem-BrowserCs.html#BrowserCs-InternetExplorer\">InternetExplorer</a></td><td>http://worldhealthorganization.github.io/smart-ips-pilgrimage/Browser</td><td>InternetExplorer</td></tr><tr><td style=\"white-space:nowrap\"><a name=\"x-http://worldhealthorganization.github.io/smart-ips-pilgrimage/Browser-Safari\"> </a>\u00a0\u00a0<a href=\"CodeSystem-BrowserCs.html#BrowserCs-Safari\">Safari</a></td><td>http://worldhealthorganization.github.io/smart-ips-pilgrimage/Browser</td><td>Safari</td></tr><tr><td style=\"white-space:nowrap\"><a name=\"x-http://worldhealthorganization.github.io/smart-ips-pilgrimage/Browser-Other\"> </a>\u00a0\u00a0<a href=\"CodeSystem-BrowserCs.html#BrowserCs-Other\">Other</a></td><td>http://worldhealthorganization.github.io/smart-ips-pilgrimage/Browser</td><td>Other</td></tr></table></div>"
      },
      "url" : "http://smart.who.int/ips-pilgrimage/ValueSet/Browser",
      "version" : "1.0.1",
      "name" : "Browser",
      "title" : "Browser",
      "status" : "draft",
      "expansion" : {
        "identifier" : "urn:uuid:c775472d-3900-4613-97b0-5517a4a61f00",
        "timestamp" : "2024-11-21T10:22:23+00:00",
        "total" : 6,
        "offset" : 0,
        "parameter" : [{
          "name" : "count",
          "valueInteger" : 1000
        },
        {
          "name" : "offset",
          "valueInteger" : 0
        },
        {
          "name" : "excludeNested",
          "valueBoolean" : false
        },
        {
          "name" : "used-codesystem",
          "valueUri" : "http://worldhealthorganization.github.io/smart-ips-pilgrimage/Browser|1.0.1"
        }],
        "contains" : [{
          "system" : "http://worldhealthorganization.github.io/smart-ips-pilgrimage/Browser",
          "code" : "Firefox",
          "display" : "Firefox"
        },
        {
          "system" : "http://worldhealthorganization.github.io/smart-ips-pilgrimage/Browser",
          "code" : "Chrome",
          "display" : "Chrome"
        },
        {
          "system" : "http://worldhealthorganization.github.io/smart-ips-pilgrimage/Browser",
          "code" : "MicrosoftEdge",
          "display" : "MicrosoftEdge"
        },
        {
          "system" : "http://worldhealthorganization.github.io/smart-ips-pilgrimage/Browser",
          "code" : "InternetExplorer",
          "display" : "InternetExplorer"
        },
        {
          "system" : "http://worldhealthorganization.github.io/smart-ips-pilgrimage/Browser",
          "code" : "Safari",
          "display" : "Safari"
        },
        {
          "system" : "http://worldhealthorganization.github.io/smart-ips-pilgrimage/Browser",
          "code" : "Other",
          "display" : "Other"
        }]
      }
    }
  },
  {
    "fullUrl" : "http://smart.who.int/ips-pilgrimage/ValueSet/DistributionModel",
    "resource" : {
      "resourceType" : "ValueSet",
      "text" : {
        "status" : "generated",
        "div" : "<div xmlns=\"http://www.w3.org/1999/xhtml\"><p class=\"res-header-id\"><b>Generated Narrative: ValueSet </b></p><p style=\"border: black 1px dotted; background-color: #EEEEEE; padding: 8px; margin-bottom: 8px\">Expansion based on <a href=\"CodeSystem-DistributionModelCs.html\">codesystem Distribution Model v1.0.1 (CodeSystem)</a></p><p>This value set contains 3 concepts</p><table class=\"codes\"><tr><td style=\"white-space:nowrap\"><b>Code</b></td><td><b>System</b></td><td><b>Display</b></td></tr><tr><td style=\"white-space:nowrap\"><a name=\"x-http://worldhealthorganization.github.io/smart-ips-pilgrimage/DistributionModel-Cloud-based\"> </a>\u00a0\u00a0<a href=\"CodeSystem-DistributionModelCs.html#DistributionModelCs-Cloud-based\">Cloud-based</a></td><td>http://worldhealthorganization.github.io/smart-ips-pilgrimage/DistributionModel</td><td>Cloud-based</td></tr><tr><td style=\"white-space:nowrap\"><a name=\"x-http://worldhealthorganization.github.io/smart-ips-pilgrimage/DistributionModel-On-premise\"> </a>\u00a0\u00a0<a href=\"CodeSystem-DistributionModelCs.html#DistributionModelCs-On-premise\">On-premise</a></td><td>http://worldhealthorganization.github.io/smart-ips-pilgrimage/DistributionModel</td><td>On-premise</td></tr><tr><td style=\"white-space:nowrap\"><a name=\"x-http://worldhealthorganization.github.io/smart-ips-pilgrimage/DistributionModel-Hybrid\"> </a>\u00a0\u00a0<a href=\"CodeSystem-DistributionModelCs.html#DistributionModelCs-Hybrid\">Hybrid</a></td><td>http://worldhealthorganization.github.io/smart-ips-pilgrimage/DistributionModel</td><td>Hybrid</td></tr></table></div>"
      },
      "url" : "http://smart.who.int/ips-pilgrimage/ValueSet/DistributionModel",
      "version" : "1.0.1",
      "name" : "DistributionModel",
      "title" : "Distribution Model",
      "status" : "draft",
      "expansion" : {
        "identifier" : "urn:uuid:7b509f07-8c35-4cb6-8ed6-8bd240ea2cad",
        "timestamp" : "2024-11-21T10:22:23+00:00",
        "total" : 3,
        "offset" : 0,
        "parameter" : [{
          "name" : "count",
          "valueInteger" : 1000
        },
        {
          "name" : "offset",
          "valueInteger" : 0
        },
        {
          "name" : "excludeNested",
          "valueBoolean" : false
        },
        {
          "name" : "used-codesystem",
          "valueUri" : "http://worldhealthorganization.github.io/smart-ips-pilgrimage/DistributionModel|1.0.1"
        }],
        "contains" : [{
          "system" : "http://worldhealthorganization.github.io/smart-ips-pilgrimage/DistributionModel",
          "code" : "Cloud-based",
          "display" : "Cloud-based"
        },
        {
          "system" : "http://worldhealthorganization.github.io/smart-ips-pilgrimage/DistributionModel",
          "code" : "On-premise",
          "display" : "On-premise"
        },
        {
          "system" : "http://worldhealthorganization.github.io/smart-ips-pilgrimage/DistributionModel",
          "code" : "Hybrid",
          "display" : "Hybrid"
        }]
      }
    }
  },
  {
    "fullUrl" : "http://smart.who.int/ips-pilgrimage/ValueSet/IPS.HAJJ.ACTOR.SYSTEM",
    "resource" : {
      "resourceType" : "ValueSet",
      "text" : {
        "status" : "generated",
        "div" : "<div xmlns=\"http://www.w3.org/1999/xhtml\"><p class=\"res-header-id\"><b>Generated Narrative: ValueSet </b></p><p style=\"border: black 1px dotted; background-color: #EEEEEE; padding: 8px; margin-bottom: 8px\">Expansion based on <a href=\"CodeSystem-IPS.HAJJ.ACTOR.html\">codesystem IPS.HAJJ.ACTOR CodeSystem v1.0.1 (CodeSystem)</a></p><p>This value set contains 4 concepts</p><table class=\"codes\"><tr><td style=\"white-space:nowrap\"><b>Code</b></td><td><b>System</b></td><td><b>Display</b></td></tr><tr><td style=\"white-space:nowrap\"><a name=\"x-http://smart.who.int/ips-pilgrimage/CodeSystem/IPS.HAJJ.ACTOR-ochie\"> </a>\u00a0\u00a0<a href=\"CodeSystem-IPS.HAJJ.ACTOR.html#IPS.HAJJ.ACTOR-ochie\">ochie</a></td><td>http://smart.who.int/ips-pilgrimage/CodeSystem/IPS.HAJJ.ACTOR</td><td>Origin Country HIE</td></tr><tr><td style=\"white-space:nowrap\"><a name=\"x-http://smart.who.int/ips-pilgrimage/CodeSystem/IPS.HAJJ.ACTOR-ochw\"> </a>\u00a0\u00a0<a href=\"CodeSystem-IPS.HAJJ.ACTOR.html#IPS.HAJJ.ACTOR-ochw\">ochw</a></td><td>http://smart.who.int/ips-pilgrimage/CodeSystem/IPS.HAJJ.ACTOR</td><td>Origin Country Health Wallet</td></tr><tr><td style=\"white-space:nowrap\"><a name=\"x-http://smart.who.int/ips-pilgrimage/CodeSystem/IPS.HAJJ.ACTOR-hcemr\"> </a>\u00a0\u00a0<a href=\"CodeSystem-IPS.HAJJ.ACTOR.html#IPS.HAJJ.ACTOR-hcemr\">hcemr</a></td><td>http://smart.who.int/ips-pilgrimage/CodeSystem/IPS.HAJJ.ACTOR</td><td>Host Country EMR</td></tr><tr><td style=\"white-space:nowrap\"><a name=\"x-http://smart.who.int/ips-pilgrimage/CodeSystem/IPS.HAJJ.ACTOR-scanner\"> </a>\u00a0\u00a0<a href=\"CodeSystem-IPS.HAJJ.ACTOR.html#IPS.HAJJ.ACTOR-scanner\">scanner</a></td><td>http://smart.who.int/ips-pilgrimage/CodeSystem/IPS.HAJJ.ACTOR</td><td>Scanner</td></tr></table></div>"
      },
      "url" : "http://smart.who.int/ips-pilgrimage/ValueSet/IPS.HAJJ.ACTOR.SYSTEM",
      "version" : "1.0.1",
      "name" : "IPS_HAJJ_ACTOR_SYSTEM",
      "title" : "IPS.HAJJ.ACTOR.SYSTEM ValueSet of actor",
      "status" : "active",
      "experimental" : true,
      "expansion" : {
        "identifier" : "urn:uuid:9fa6d9ba-3335-4892-aaac-6bc3834307ba",
        "timestamp" : "2024-11-21T10:22:24+00:00",
        "total" : 4,
        "offset" : 0,
        "parameter" : [{
          "name" : "count",
          "valueInteger" : 1000
        },
        {
          "name" : "offset",
          "valueInteger" : 0
        },
        {
          "name" : "excludeNested",
          "valueBoolean" : false
        },
        {
          "name" : "used-codesystem",
          "valueUri" : "http://smart.who.int/ips-pilgrimage/CodeSystem/IPS.HAJJ.ACTOR|1.0.1"
        }],
        "contains" : [{
          "system" : "http://smart.who.int/ips-pilgrimage/CodeSystem/IPS.HAJJ.ACTOR",
          "code" : "ochie",
          "display" : "Origin Country HIE"
        },
        {
          "system" : "http://smart.who.int/ips-pilgrimage/CodeSystem/IPS.HAJJ.ACTOR",
          "code" : "ochw",
          "display" : "Origin Country Health Wallet"
        },
        {
          "system" : "http://smart.who.int/ips-pilgrimage/CodeSystem/IPS.HAJJ.ACTOR",
          "code" : "hcemr",
          "display" : "Host Country EMR"
        },
        {
          "system" : "http://smart.who.int/ips-pilgrimage/CodeSystem/IPS.HAJJ.ACTOR",
          "code" : "scanner",
          "display" : "Scanner"
        }]
      }
    }
  },
  {
    "fullUrl" : "http://smart.who.int/ips-pilgrimage/ValueSet/IPS.HAJJ.ACTOR",
    "resource" : {
      "resourceType" : "ValueSet",
      "text" : {
        "status" : "generated",
        "div" : "<div xmlns=\"http://www.w3.org/1999/xhtml\"><p class=\"res-header-id\"><b>Generated Narrative: ValueSet </b></p><p style=\"border: black 1px dotted; background-color: #EEEEEE; padding: 8px; margin-bottom: 8px\">Expansion based on <a href=\"CodeSystem-IPS.HAJJ.ACTOR.html\">codesystem IPS.HAJJ.ACTOR CodeSystem v1.0.1 (CodeSystem)</a></p><p>This value set contains 6 concepts</p><table class=\"codes\"><tr><td style=\"white-space:nowrap\"><b>Code</b></td><td><b>System</b></td><td><b>Display</b></td></tr><tr><td style=\"white-space:nowrap\"><a name=\"x-http://smart.who.int/ips-pilgrimage/CodeSystem/IPS.HAJJ.ACTOR-ochie\"> </a>\u00a0\u00a0<a href=\"CodeSystem-IPS.HAJJ.ACTOR.html#IPS.HAJJ.ACTOR-ochie\">ochie</a></td><td>http://smart.who.int/ips-pilgrimage/CodeSystem/IPS.HAJJ.ACTOR</td><td>Origin Country HIE</td></tr><tr><td style=\"white-space:nowrap\"><a name=\"x-http://smart.who.int/ips-pilgrimage/CodeSystem/IPS.HAJJ.ACTOR-ochw\"> </a>\u00a0\u00a0<a href=\"CodeSystem-IPS.HAJJ.ACTOR.html#IPS.HAJJ.ACTOR-ochw\">ochw</a></td><td>http://smart.who.int/ips-pilgrimage/CodeSystem/IPS.HAJJ.ACTOR</td><td>Origin Country Health Wallet</td></tr><tr><td style=\"white-space:nowrap\"><a name=\"x-http://smart.who.int/ips-pilgrimage/CodeSystem/IPS.HAJJ.ACTOR-hcemr\"> </a>\u00a0\u00a0<a href=\"CodeSystem-IPS.HAJJ.ACTOR.html#IPS.HAJJ.ACTOR-hcemr\">hcemr</a></td><td>http://smart.who.int/ips-pilgrimage/CodeSystem/IPS.HAJJ.ACTOR</td><td>Host Country EMR</td></tr><tr><td style=\"white-space:nowrap\"><a name=\"x-http://smart.who.int/ips-pilgrimage/CodeSystem/IPS.HAJJ.ACTOR-pilgrim\"> </a>\u00a0\u00a0<a href=\"CodeSystem-IPS.HAJJ.ACTOR.html#IPS.HAJJ.ACTOR-pilgrim\">pilgrim</a></td><td>http://smart.who.int/ips-pilgrimage/CodeSystem/IPS.HAJJ.ACTOR</td><td>Pilgrim</td></tr><tr><td style=\"white-space:nowrap\"><a name=\"x-http://smart.who.int/ips-pilgrimage/CodeSystem/IPS.HAJJ.ACTOR-scanner\"> </a>\u00a0\u00a0<a href=\"CodeSystem-IPS.HAJJ.ACTOR.html#IPS.HAJJ.ACTOR-scanner\">scanner</a></td><td>http://smart.who.int/ips-pilgrimage/CodeSystem/IPS.HAJJ.ACTOR</td><td>Scanner</td></tr><tr><td style=\"white-space:nowrap\"><a name=\"x-http://smart.who.int/ips-pilgrimage/CodeSystem/IPS.HAJJ.ACTOR-qrcode\"> </a>\u00a0\u00a0<a href=\"CodeSystem-IPS.HAJJ.ACTOR.html#IPS.HAJJ.ACTOR-qrcode\">qrcode</a></td><td>http://smart.who.int/ips-pilgrimage/CodeSystem/IPS.HAJJ.ACTOR</td><td>QR Code</td></tr></table></div>"
      },
      "url" : "http://smart.who.int/ips-pilgrimage/ValueSet/IPS.HAJJ.ACTOR",
      "version" : "1.0.1",
      "name" : "IPS_HAJJ_ACTOR",
      "title" : "IPS.HAJJ.ACTOR ValueSet of actor",
      "status" : "active",
      "experimental" : true,
      "date" : "2024-11-21T10:21:22+00:00",
      "expansion" : {
        "identifier" : "urn:uuid:17915be3-3f09-498c-80ed-c6621947ab30",
        "timestamp" : "2024-11-21T10:22:28+00:00",
        "total" : 6,
        "offset" : 0,
        "parameter" : [{
          "name" : "count",
          "valueInteger" : 1000
        },
        {
          "name" : "offset",
          "valueInteger" : 0
        },
        {
          "name" : "excludeNested",
          "valueBoolean" : false
        },
        {
          "name" : "used-codesystem",
          "valueUri" : "http://smart.who.int/ips-pilgrimage/CodeSystem/IPS.HAJJ.ACTOR|1.0.1"
        }],
        "contains" : [{
          "system" : "http://smart.who.int/ips-pilgrimage/CodeSystem/IPS.HAJJ.ACTOR",
          "code" : "ochie",
          "display" : "Origin Country HIE"
        },
        {
          "system" : "http://smart.who.int/ips-pilgrimage/CodeSystem/IPS.HAJJ.ACTOR",
          "code" : "ochw",
          "display" : "Origin Country Health Wallet"
        },
        {
          "system" : "http://smart.who.int/ips-pilgrimage/CodeSystem/IPS.HAJJ.ACTOR",
          "code" : "hcemr",
          "display" : "Host Country EMR"
        },
        {
          "system" : "http://smart.who.int/ips-pilgrimage/CodeSystem/IPS.HAJJ.ACTOR",
          "code" : "pilgrim",
          "display" : "Pilgrim"
        },
        {
          "system" : "http://smart.who.int/ips-pilgrimage/CodeSystem/IPS.HAJJ.ACTOR",
          "code" : "scanner",
          "display" : "Scanner"
        },
        {
          "system" : "http://smart.who.int/ips-pilgrimage/CodeSystem/IPS.HAJJ.ACTOR",
          "code" : "qrcode",
          "display" : "QR Code"
        }]
      }
    }
  },
  {
    "fullUrl" : "http://smart.who.int/ips-pilgrimage/ValueSet/IPS.HAJJ.CONSENT",
    "resource" : {
      "resourceType" : "ValueSet",
      "text" : {
        "status" : "generated",
        "div" : "<div xmlns=\"http://www.w3.org/1999/xhtml\"><p class=\"res-header-id\"><b>Generated Narrative: ValueSet </b></p><p style=\"border: black 1px dotted; background-color: #EEEEEE; padding: 8px; margin-bottom: 8px\">Expansion based on <a href=\"CodeSystem-IPS.HAJJ.CONSENT.html\">codesystem IPS.HAJJ.CONSENT CodeSystem v1.0.1 (CodeSystem)</a></p><p>This value set contains 4 concepts</p><table class=\"codes\"><tr><td style=\"white-space:nowrap\"><b>Code</b></td><td><b>System</b></td><td><b>Display</b></td><td><b>Definition</b></td></tr><tr><td style=\"white-space:nowrap\"><a name=\"x-http://smart.who.int/ips-pilgrimage/CodeSystem/IPS.HAJJ.CONSENT-CONSENT-KSA\"> </a>\u00a0\u00a0<a href=\"CodeSystem-IPS.HAJJ.CONSENT.html#IPS.HAJJ.CONSENT-CONSENT-KSA\">CONSENT-KSA</a></td><td>http://smart.who.int/ips-pilgrimage/CodeSystem/IPS.HAJJ.CONSENT</td><td>Consent for Kingdom of Saudi Arabia</td><td><div><p>The Pilgrim consents to share his-her International Patient Summary (IPS data) during the  provision of clinical care at Ministry of Health-Saudi Arabia in Haj District area healthcare facilities through the Haj-1445 event as any follow up care that might be needed from any healthcare practitioners</p>\n</div></td></tr><tr><td style=\"white-space:nowrap\"><a name=\"x-http://smart.who.int/ips-pilgrimage/CodeSystem/IPS.HAJJ.CONSENT-CONSENT-IDN\"> </a>\u00a0\u00a0<a href=\"CodeSystem-IPS.HAJJ.CONSENT.html#IPS.HAJJ.CONSENT-CONSENT-IDN\">CONSENT-IDN</a></td><td>http://smart.who.int/ips-pilgrimage/CodeSystem/IPS.HAJJ.CONSENT</td><td>Consent for Indonesia</td><td><div><p>&lt;INSERT TEXT FROM INDONESIA: discuss pilgrims's consent to utilize Satusehat to enable access to KSA to their IPS if they are in need of care during Hajj&gt;</p>\n</div></td></tr><tr><td style=\"white-space:nowrap\"><a name=\"x-http://smart.who.int/ips-pilgrimage/CodeSystem/IPS.HAJJ.CONSENT-CONSENT-MYS\"> </a>\u00a0\u00a0<a href=\"CodeSystem-IPS.HAJJ.CONSENT.html#IPS.HAJJ.CONSENT-CONSENT-MYS\">CONSENT-MYS</a></td><td>http://smart.who.int/ips-pilgrimage/CodeSystem/IPS.HAJJ.CONSENT</td><td>Consent for Malaysia</td><td><div><p>The Malaysian Hajj pilgrim has provided consent for sharing the International Patient Summary (IPS) generated from the data recorded during the Hajj pilgrim health examination, as well as the vaccination records stored on MySejahtera to Kingdom of Saudi Arabia</p>\n</div></td></tr><tr><td style=\"white-space:nowrap\"><a name=\"x-http://smart.who.int/ips-pilgrimage/CodeSystem/IPS.HAJJ.CONSENT-CONSENT-OMN\"> </a>\u00a0\u00a0<a href=\"CodeSystem-IPS.HAJJ.CONSENT.html#IPS.HAJJ.CONSENT-CONSENT-OMN\">CONSENT-OMN</a></td><td>http://smart.who.int/ips-pilgrimage/CodeSystem/IPS.HAJJ.CONSENT</td><td>Consent for Oman</td><td><div><p>&lt;INSERT TEXT FROM OMAN: discuss pilgrims's consent to utilize Oman's e-Health Portal to enable access to KSA to their IPS if they are in need of care&gt;</p>\n</div></td></tr></table></div>"
      },
      "url" : "http://smart.who.int/ips-pilgrimage/ValueSet/IPS.HAJJ.CONSENT",
      "version" : "1.0.1",
      "name" : "IPS_HAJJ_CONSENT",
      "title" : "IPS.HAJJ.CONSENT ValueSet of consent policies",
      "status" : "active",
      "experimental" : true,
      "date" : "2024-11-21T10:21:22+00:00",
      "expansion" : {
        "identifier" : "urn:uuid:a406a739-8513-44a1-b415-50c0cf7d06d3",
        "timestamp" : "2024-11-21T10:22:28+00:00",
        "total" : 4,
        "offset" : 0,
        "parameter" : [{
          "name" : "count",
          "valueInteger" : 1000
        },
        {
          "name" : "offset",
          "valueInteger" : 0
        },
        {
          "name" : "excludeNested",
          "valueBoolean" : false
        },
        {
          "name" : "used-codesystem",
          "valueUri" : "http://smart.who.int/ips-pilgrimage/CodeSystem/IPS.HAJJ.CONSENT|1.0.1"
        }],
        "contains" : [{
          "system" : "http://smart.who.int/ips-pilgrimage/CodeSystem/IPS.HAJJ.CONSENT",
          "code" : "CONSENT-KSA",
          "display" : "Consent for Kingdom of Saudi Arabia"
        },
        {
          "system" : "http://smart.who.int/ips-pilgrimage/CodeSystem/IPS.HAJJ.CONSENT",
          "code" : "CONSENT-IDN",
          "display" : "Consent for Indonesia"
        },
        {
          "system" : "http://smart.who.int/ips-pilgrimage/CodeSystem/IPS.HAJJ.CONSENT",
          "code" : "CONSENT-MYS",
          "display" : "Consent for Malaysia"
        },
        {
          "system" : "http://smart.who.int/ips-pilgrimage/CodeSystem/IPS.HAJJ.CONSENT",
          "code" : "CONSENT-OMN",
          "display" : "Consent for Oman"
        }]
      }
    }
  },
  {
    "fullUrl" : "http://smart.who.int/ips-pilgrimage/ValueSet/IPS.HAJJ.TRANSACTION",
    "resource" : {
      "resourceType" : "ValueSet",
      "text" : {
        "status" : "generated",
        "div" : "<div xmlns=\"http://www.w3.org/1999/xhtml\"><p class=\"res-header-id\"><b>Generated Narrative: ValueSet </b></p><p style=\"border: black 1px dotted; background-color: #EEEEEE; padding: 8px; margin-bottom: 8px\">Expansion based on <a href=\"CodeSystem-IPS.HAJJ.TRANSACTION.html\">codesystem IPS.HAJJ.TRANSACTION CodeSystem v1.0.1 (CodeSystem)</a></p><p>This value set contains 9 concepts</p><table class=\"codes\"><tr><td style=\"white-space:nowrap\"><b>Code</b></td><td><b>System</b></td><td><b>Display</b></td></tr><tr><td style=\"white-space:nowrap\"><a name=\"x-http://smart.who.int/ips-pilgrimage/CodeSystem/IPS.HAJJ.TRANSACTION-keys-put\"> </a>\u00a0\u00a0<a href=\"CodeSystem-IPS.HAJJ.TRANSACTION.html#IPS.HAJJ.TRANSACTION-keys-put\">keys-put</a></td><td>http://smart.who.int/ips-pilgrimage/CodeSystem/IPS.HAJJ.TRANSACTION</td><td>Publish Verification Keys</td></tr><tr><td style=\"white-space:nowrap\"><a name=\"x-http://smart.who.int/ips-pilgrimage/CodeSystem/IPS.HAJJ.TRANSACTION-keys-get\"> </a>\u00a0\u00a0<a href=\"CodeSystem-IPS.HAJJ.TRANSACTION.html#IPS.HAJJ.TRANSACTION-keys-get\">keys-get</a></td><td>http://smart.who.int/ips-pilgrimage/CodeSystem/IPS.HAJJ.TRANSACTION</td><td>Retrieve Verification Keys</td></tr><tr><td style=\"white-space:nowrap\"><a name=\"x-http://smart.who.int/ips-pilgrimage/CodeSystem/IPS.HAJJ.TRANSACTION-doc-sign\"> </a>\u00a0\u00a0<a href=\"CodeSystem-IPS.HAJJ.TRANSACTION.html#IPS.HAJJ.TRANSACTION-doc-sign\">doc-sign</a></td><td>http://smart.who.int/ips-pilgrimage/CodeSystem/IPS.HAJJ.TRANSACTION</td><td>Sign IPS</td></tr><tr><td style=\"white-space:nowrap\"><a name=\"x-http://smart.who.int/ips-pilgrimage/CodeSystem/IPS.HAJJ.TRANSACTION-doc-get\"> </a>\u00a0\u00a0<a href=\"CodeSystem-IPS.HAJJ.TRANSACTION.html#IPS.HAJJ.TRANSACTION-doc-get\">doc-get</a></td><td>http://smart.who.int/ips-pilgrimage/CodeSystem/IPS.HAJJ.TRANSACTION</td><td>Retrieve IPS</td></tr><tr><td style=\"white-space:nowrap\"><a name=\"x-http://smart.who.int/ips-pilgrimage/CodeSystem/IPS.HAJJ.TRANSACTION-shl-sign\"> </a>\u00a0\u00a0<a href=\"CodeSystem-IPS.HAJJ.TRANSACTION.html#IPS.HAJJ.TRANSACTION-shl-sign\">shl-sign</a></td><td>http://smart.who.int/ips-pilgrimage/CodeSystem/IPS.HAJJ.TRANSACTION</td><td>Sign Smart Health Link</td></tr><tr><td style=\"white-space:nowrap\"><a name=\"x-http://smart.who.int/ips-pilgrimage/CodeSystem/IPS.HAJJ.TRANSACTION-shl-doc-view\"> </a>\u00a0\u00a0<a href=\"CodeSystem-IPS.HAJJ.TRANSACTION.html#IPS.HAJJ.TRANSACTION-shl-doc-view\">shl-doc-view</a></td><td>http://smart.who.int/ips-pilgrimage/CodeSystem/IPS.HAJJ.TRANSACTION</td><td>Access SHL Document Viewer</td></tr><tr><td style=\"white-space:nowrap\"><a name=\"x-http://smart.who.int/ips-pilgrimage/CodeSystem/IPS.HAJJ.TRANSACTION-shl-get-manifest\"> </a>\u00a0\u00a0<a href=\"CodeSystem-IPS.HAJJ.TRANSACTION.html#IPS.HAJJ.TRANSACTION-shl-get-manifest\">shl-get-manifest</a></td><td>http://smart.who.int/ips-pilgrimage/CodeSystem/IPS.HAJJ.TRANSACTION</td><td>Retrieve SHL Document Manifest</td></tr><tr><td style=\"white-space:nowrap\"><a name=\"x-http://smart.who.int/ips-pilgrimage/CodeSystem/IPS.HAJJ.TRANSACTION-consent-post-counseling\"> </a>\u00a0\u00a0<a href=\"CodeSystem-IPS.HAJJ.TRANSACTION.html#IPS.HAJJ.TRANSACTION-consent-post-counseling\">consent-post-counseling</a></td><td>http://smart.who.int/ips-pilgrimage/CodeSystem/IPS.HAJJ.TRANSACTION</td><td>Record Consent - Post-Counseling</td></tr><tr><td style=\"white-space:nowrap\"><a name=\"x-http://smart.who.int/ips-pilgrimage/CodeSystem/IPS.HAJJ.TRANSACTION-consent-wallet\"> </a>\u00a0\u00a0<a href=\"CodeSystem-IPS.HAJJ.TRANSACTION.html#IPS.HAJJ.TRANSACTION-consent-wallet\">consent-wallet</a></td><td>http://smart.who.int/ips-pilgrimage/CodeSystem/IPS.HAJJ.TRANSACTION</td><td>Record Consent - Digital Health Wallet </td></tr></table></div>"
      },
      "url" : "http://smart.who.int/ips-pilgrimage/ValueSet/IPS.HAJJ.TRANSACTION",
      "version" : "1.0.1",
      "name" : "IPS_HAJJ_TRANSACTION",
      "title" : "IPS.HAJJ.TRANSACTION ValueSet of transaction ",
      "status" : "active",
      "experimental" : true,
      "date" : "2024-11-21T10:21:22+00:00",
      "expansion" : {
        "identifier" : "urn:uuid:f4fe471e-99fa-411a-8553-36331c887c3e",
        "timestamp" : "2024-11-21T10:22:28+00:00",
        "total" : 9,
        "offset" : 0,
        "parameter" : [{
          "name" : "count",
          "valueInteger" : 1000
        },
        {
          "name" : "offset",
          "valueInteger" : 0
        },
        {
          "name" : "excludeNested",
          "valueBoolean" : false
        },
        {
          "name" : "used-codesystem",
          "valueUri" : "http://smart.who.int/ips-pilgrimage/CodeSystem/IPS.HAJJ.TRANSACTION|1.0.1"
        }],
        "contains" : [{
          "system" : "http://smart.who.int/ips-pilgrimage/CodeSystem/IPS.HAJJ.TRANSACTION",
          "code" : "keys-put",
          "display" : "Publish Verification Keys"
        },
        {
          "system" : "http://smart.who.int/ips-pilgrimage/CodeSystem/IPS.HAJJ.TRANSACTION",
          "code" : "keys-get",
          "display" : "Retrieve Verification Keys"
        },
        {
          "system" : "http://smart.who.int/ips-pilgrimage/CodeSystem/IPS.HAJJ.TRANSACTION",
          "code" : "doc-sign",
          "display" : "Sign IPS"
        },
        {
          "system" : "http://smart.who.int/ips-pilgrimage/CodeSystem/IPS.HAJJ.TRANSACTION",
          "code" : "doc-get",
          "display" : "Retrieve IPS"
        },
        {
          "system" : "http://smart.who.int/ips-pilgrimage/CodeSystem/IPS.HAJJ.TRANSACTION",
          "code" : "shl-sign",
          "display" : "Sign Smart Health Link"
        },
        {
          "system" : "http://smart.who.int/ips-pilgrimage/CodeSystem/IPS.HAJJ.TRANSACTION",
          "code" : "shl-doc-view",
          "display" : "Access SHL Document Viewer"
        },
        {
          "system" : "http://smart.who.int/ips-pilgrimage/CodeSystem/IPS.HAJJ.TRANSACTION",
          "code" : "shl-get-manifest",
          "display" : "Retrieve SHL Document Manifest"
        },
        {
          "system" : "http://smart.who.int/ips-pilgrimage/CodeSystem/IPS.HAJJ.TRANSACTION",
          "code" : "consent-post-counseling",
          "display" : "Record Consent - Post-Counseling"
        },
        {
          "system" : "http://smart.who.int/ips-pilgrimage/CodeSystem/IPS.HAJJ.TRANSACTION",
          "code" : "consent-wallet",
          "display" : "Record Consent - Digital Health Wallet "
        }]
      }
    }
  },
  {
    "fullUrl" : "http://smart.who.int/ips-pilgrimage/ValueSet/Language",
    "resource" : {
      "resourceType" : "ValueSet",
      "text" : {
        "status" : "generated",
        "div" : "<div xmlns=\"http://www.w3.org/1999/xhtml\"><p class=\"res-header-id\"><b>Generated Narrative: ValueSet </b></p><p style=\"border: black 1px dotted; background-color: #EEEEEE; padding: 8px; margin-bottom: 8px\">Expansion based on <a href=\"CodeSystem-LanguageCs.html\">codesystem Language v1.0.1 (CodeSystem)</a></p><p>This value set contains 7 concepts</p><table class=\"codes\"><tr><td style=\"white-space:nowrap\"><b>Code</b></td><td><b>System</b></td><td><b>Display</b></td></tr><tr><td style=\"white-space:nowrap\"><a name=\"x-http://worldhealthorganization.github.io/smart-ips-pilgrimage/Language-Arabic\"> </a>\u00a0\u00a0<a href=\"CodeSystem-LanguageCs.html#LanguageCs-Arabic\">Arabic</a></td><td>http://worldhealthorganization.github.io/smart-ips-pilgrimage/Language</td><td>Arabic</td></tr><tr><td style=\"white-space:nowrap\"><a name=\"x-http://worldhealthorganization.github.io/smart-ips-pilgrimage/Language-Chinese\"> </a>\u00a0\u00a0<a href=\"CodeSystem-LanguageCs.html#LanguageCs-Chinese\">Chinese</a></td><td>http://worldhealthorganization.github.io/smart-ips-pilgrimage/Language</td><td>Chinese</td></tr><tr><td style=\"white-space:nowrap\"><a name=\"x-http://worldhealthorganization.github.io/smart-ips-pilgrimage/Language-English\"> </a>\u00a0\u00a0<a href=\"CodeSystem-LanguageCs.html#LanguageCs-English\">English</a></td><td>http://worldhealthorganization.github.io/smart-ips-pilgrimage/Language</td><td>English</td></tr><tr><td style=\"white-space:nowrap\"><a name=\"x-http://worldhealthorganization.github.io/smart-ips-pilgrimage/Language-French\"> </a>\u00a0\u00a0<a href=\"CodeSystem-LanguageCs.html#LanguageCs-French\">French</a></td><td>http://worldhealthorganization.github.io/smart-ips-pilgrimage/Language</td><td>French</td></tr><tr><td style=\"white-space:nowrap\"><a name=\"x-http://worldhealthorganization.github.io/smart-ips-pilgrimage/Language-Russian\"> </a>\u00a0\u00a0<a href=\"CodeSystem-LanguageCs.html#LanguageCs-Russian\">Russian</a></td><td>http://worldhealthorganization.github.io/smart-ips-pilgrimage/Language</td><td>Russian</td></tr><tr><td style=\"white-space:nowrap\"><a name=\"x-http://worldhealthorganization.github.io/smart-ips-pilgrimage/Language-Spanish\"> </a>\u00a0\u00a0<a href=\"CodeSystem-LanguageCs.html#LanguageCs-Spanish\">Spanish</a></td><td>http://worldhealthorganization.github.io/smart-ips-pilgrimage/Language</td><td>Spanish</td></tr><tr><td style=\"white-space:nowrap\"><a name=\"x-http://worldhealthorganization.github.io/smart-ips-pilgrimage/Language-Other\"> </a>\u00a0\u00a0<a href=\"CodeSystem-LanguageCs.html#LanguageCs-Other\">Other</a></td><td>http://worldhealthorganization.github.io/smart-ips-pilgrimage/Language</td><td>Other</td></tr></table></div>"
      },
      "url" : "http://smart.who.int/ips-pilgrimage/ValueSet/Language",
      "version" : "1.0.1",
      "name" : "Language",
      "title" : "Language",
      "status" : "draft",
      "expansion" : {
        "identifier" : "urn:uuid:69d26cc1-7895-4946-a8aa-b2f6b4f0ce8b",
        "timestamp" : "2024-11-21T10:22:24+00:00",
        "total" : 7,
        "offset" : 0,
        "parameter" : [{
          "name" : "count",
          "valueInteger" : 1000
        },
        {
          "name" : "offset",
          "valueInteger" : 0
        },
        {
          "name" : "excludeNested",
          "valueBoolean" : false
        },
        {
          "name" : "used-codesystem",
          "valueUri" : "http://worldhealthorganization.github.io/smart-ips-pilgrimage/Language|1.0.1"
        }],
        "contains" : [{
          "system" : "http://worldhealthorganization.github.io/smart-ips-pilgrimage/Language",
          "code" : "Arabic",
          "display" : "Arabic"
        },
        {
          "system" : "http://worldhealthorganization.github.io/smart-ips-pilgrimage/Language",
          "code" : "Chinese",
          "display" : "Chinese"
        },
        {
          "system" : "http://worldhealthorganization.github.io/smart-ips-pilgrimage/Language",
          "code" : "English",
          "display" : "English"
        },
        {
          "system" : "http://worldhealthorganization.github.io/smart-ips-pilgrimage/Language",
          "code" : "French",
          "display" : "French"
        },
        {
          "system" : "http://worldhealthorganization.github.io/smart-ips-pilgrimage/Language",
          "code" : "Russian",
          "display" : "Russian"
        },
        {
          "system" : "http://worldhealthorganization.github.io/smart-ips-pilgrimage/Language",
          "code" : "Spanish",
          "display" : "Spanish"
        },
        {
          "system" : "http://worldhealthorganization.github.io/smart-ips-pilgrimage/Language",
          "code" : "Other",
          "display" : "Other"
        }]
      }
    }
  },
  {
    "fullUrl" : "http://smart.who.int/ips-pilgrimage/ValueSet/LicensingModel",
    "resource" : {
      "resourceType" : "ValueSet",
      "text" : {
        "status" : "generated",
        "div" : "<div xmlns=\"http://www.w3.org/1999/xhtml\"><p class=\"res-header-id\"><b>Generated Narrative: ValueSet </b></p><p style=\"border: black 1px dotted; background-color: #EEEEEE; padding: 8px; margin-bottom: 8px\">Expansion based on <a href=\"CodeSystem-LicensingModelCs.html\">codesystem Licensing Model v1.0.1 (CodeSystem)</a></p><p>This value set contains 2 concepts</p><table class=\"codes\"><tr><td style=\"white-space:nowrap\"><b>Code</b></td><td><b>System</b></td><td><b>Display</b></td></tr><tr><td style=\"white-space:nowrap\"><a name=\"x-http://worldhealthorganization.github.io/smart-ips-pilgrimage/LicensingModel-Proprietary\"> </a>\u00a0\u00a0<a href=\"CodeSystem-LicensingModelCs.html#LicensingModelCs-Proprietary\">Proprietary</a></td><td>http://worldhealthorganization.github.io/smart-ips-pilgrimage/LicensingModel</td><td>Proprietary</td></tr><tr><td style=\"white-space:nowrap\"><a name=\"x-http://worldhealthorganization.github.io/smart-ips-pilgrimage/LicensingModel-Open-Source\"> </a>\u00a0\u00a0<a href=\"CodeSystem-LicensingModelCs.html#LicensingModelCs-Open-Source\">Open-Source</a></td><td>http://worldhealthorganization.github.io/smart-ips-pilgrimage/LicensingModel</td><td>Open-Source</td></tr></table></div>"
      },
      "url" : "http://smart.who.int/ips-pilgrimage/ValueSet/LicensingModel",
      "version" : "1.0.1",
      "name" : "LicensingModel",
      "title" : "Licensing Model",
      "status" : "draft",
      "expansion" : {
        "identifier" : "urn:uuid:9de65d84-2911-413f-908d-49cc024a9ceb",
        "timestamp" : "2024-11-21T10:22:24+00:00",
        "total" : 2,
        "offset" : 0,
        "parameter" : [{
          "name" : "count",
          "valueInteger" : 1000
        },
        {
          "name" : "offset",
          "valueInteger" : 0
        },
        {
          "name" : "excludeNested",
          "valueBoolean" : false
        },
        {
          "name" : "used-codesystem",
          "valueUri" : "http://worldhealthorganization.github.io/smart-ips-pilgrimage/LicensingModel|1.0.1"
        }],
        "contains" : [{
          "system" : "http://worldhealthorganization.github.io/smart-ips-pilgrimage/LicensingModel",
          "code" : "Proprietary",
          "display" : "Proprietary"
        },
        {
          "system" : "http://worldhealthorganization.github.io/smart-ips-pilgrimage/LicensingModel",
          "code" : "Open-Source",
          "display" : "Open-Source"
        }]
      }
    }
  },
  {
    "fullUrl" : "http://smart.who.int/ips-pilgrimage/ValueSet/OperatingSystem",
    "resource" : {
      "resourceType" : "ValueSet",
      "text" : {
        "status" : "generated",
        "div" : "<div xmlns=\"http://www.w3.org/1999/xhtml\"><p class=\"res-header-id\"><b>Generated Narrative: ValueSet </b></p><p style=\"border: black 1px dotted; background-color: #EEEEEE; padding: 8px; margin-bottom: 8px\">Expansion based on <a href=\"CodeSystem-OperatingSystemCs.html\">codesystem Operating System v1.0.1 (CodeSystem)</a></p><p>This value set contains 5 concepts</p><table class=\"codes\"><tr><td style=\"white-space:nowrap\"><b>Code</b></td><td><b>System</b></td><td><b>Display</b></td></tr><tr><td style=\"white-space:nowrap\"><a name=\"x-http://worldhealthorganization.github.io/smart-ips-pilgrimage/OperatingSystem-Linux\"> </a>\u00a0\u00a0<a href=\"CodeSystem-OperatingSystemCs.html#OperatingSystemCs-Linux\">Linux</a></td><td>http://worldhealthorganization.github.io/smart-ips-pilgrimage/OperatingSystem</td><td>Linux</td></tr><tr><td style=\"white-space:nowrap\"><a name=\"x-http://worldhealthorganization.github.io/smart-ips-pilgrimage/OperatingSystem-Unix\"> </a>\u00a0\u00a0<a href=\"CodeSystem-OperatingSystemCs.html#OperatingSystemCs-Unix\">Unix</a></td><td>http://worldhealthorganization.github.io/smart-ips-pilgrimage/OperatingSystem</td><td>Unix</td></tr><tr><td style=\"white-space:nowrap\"><a name=\"x-http://worldhealthorganization.github.io/smart-ips-pilgrimage/OperatingSystem-Windows\"> </a>\u00a0\u00a0<a href=\"CodeSystem-OperatingSystemCs.html#OperatingSystemCs-Windows\">Windows</a></td><td>http://worldhealthorganization.github.io/smart-ips-pilgrimage/OperatingSystem</td><td>Windows</td></tr><tr><td style=\"white-space:nowrap\"><a name=\"x-http://worldhealthorganization.github.io/smart-ips-pilgrimage/OperatingSystem-Mac\"> </a>\u00a0\u00a0<a href=\"CodeSystem-OperatingSystemCs.html#OperatingSystemCs-Mac\">Mac</a></td><td>http://worldhealthorganization.github.io/smart-ips-pilgrimage/OperatingSystem</td><td>Mac</td></tr><tr><td style=\"white-space:nowrap\"><a name=\"x-http://worldhealthorganization.github.io/smart-ips-pilgrimage/OperatingSystem-Other\"> </a>\u00a0\u00a0<a href=\"CodeSystem-OperatingSystemCs.html#OperatingSystemCs-Other\">Other</a></td><td>http://worldhealthorganization.github.io/smart-ips-pilgrimage/OperatingSystem</td><td>Other</td></tr></table></div>"
      },
      "url" : "http://smart.who.int/ips-pilgrimage/ValueSet/OperatingSystem",
      "version" : "1.0.1",
      "name" : "OperatingSystem",
      "title" : "Operating System",
      "status" : "draft",
      "expansion" : {
        "identifier" : "urn:uuid:76ba60f8-9360-444d-b7d2-2fa5571344f7",
        "timestamp" : "2024-11-21T10:22:23+00:00",
        "total" : 5,
        "offset" : 0,
        "parameter" : [{
          "name" : "count",
          "valueInteger" : 1000
        },
        {
          "name" : "offset",
          "valueInteger" : 0
        },
        {
          "name" : "excludeNested",
          "valueBoolean" : false
        },
        {
          "name" : "used-codesystem",
          "valueUri" : "http://worldhealthorganization.github.io/smart-ips-pilgrimage/OperatingSystem|1.0.1"
        }],
        "contains" : [{
          "system" : "http://worldhealthorganization.github.io/smart-ips-pilgrimage/OperatingSystem",
          "code" : "Linux",
          "display" : "Linux"
        },
        {
          "system" : "http://worldhealthorganization.github.io/smart-ips-pilgrimage/OperatingSystem",
          "code" : "Unix",
          "display" : "Unix"
        },
        {
          "system" : "http://worldhealthorganization.github.io/smart-ips-pilgrimage/OperatingSystem",
          "code" : "Windows",
          "display" : "Windows"
        },
        {
          "system" : "http://worldhealthorganization.github.io/smart-ips-pilgrimage/OperatingSystem",
          "code" : "Mac",
          "display" : "Mac"
        },
        {
          "system" : "http://worldhealthorganization.github.io/smart-ips-pilgrimage/OperatingSystem",
          "code" : "Other",
          "display" : "Other"
        }]
      }
    }
  }]
}