{
  "resourceType" : "Basic",
  "id" : "OCHW",
  "meta" : {
    "profile" : ["http://smart.who.int/base/StructureDefinition/SGActor",
    "http://smart.who.int/smart-base/StructureDefinition/SGPersona"]
  },
  "text" : {
    "status" : "generated",
    "div" : "<div xmlns=\"http://www.w3.org/1999/xhtml\"><p class=\"res-header-id\"><b>Generated Narrative: ActorDefinition OCHW</b></p><a name=\"OCHW\"> </a><a name=\"hcOCHW\"> </a><a name=\"OCHW-en-US\"> </a><table class=\"grid\"><tr><td><b>Actor: OCHW </b></td><td>Origin Country Health Wallet</td><td>Type: system </td></tr><tr><td colspan=\"3\"/></tr></table></div>"
  },
  "extension" : [{
    "url" : "http://smart.who.int/base/StructureDefinition/Sgcode",
    "valueCoding" : {
      "system" : "http://smart.who.int/ips-pilgrimage/CodeSystem/IPS.HAJJ.ACTOR",
      "code" : "ochw"
    }
  },
  {
    "url" : "http://hl7.org/fhir/5.0/StructureDefinition/extension-ActorDefinition.url",
    "valueUri" : "http://smart.who.int/ips-pilgrimage/ActorDefinition/OCHW"
  },
  {
    "url" : "http://hl7.org/fhir/5.0/StructureDefinition/extension-ActorDefinition.version",
    "valueString" : "1.0.1"
  },
  {
    "url" : "http://hl7.org/fhir/5.0/StructureDefinition/extension-ActorDefinition.name",
    "valueString" : "OCHW"
  },
  {
    "url" : "http://hl7.org/fhir/5.0/StructureDefinition/extension-ActorDefinition.title",
    "valueString" : "Origin Country Health Wallet"
  },
  {
    "url" : "http://hl7.org/fhir/5.0/StructureDefinition/extension-ActorDefinition.status",
    "valueCode" : "draft"
  },
  {
    "url" : "http://hl7.org/fhir/5.0/StructureDefinition/extension-ActorDefinition.experimental",
    "valueBoolean" : false
  },
  {
    "url" : "http://hl7.org/fhir/5.0/StructureDefinition/extension-ActorDefinition.date",
    "valueDateTime" : "2024-08-13T15:56:51+00:00"
  },
  {
    "url" : "http://hl7.org/fhir/5.0/StructureDefinition/extension-ActorDefinition.publisher",
    "valueString" : "WHO"
  },
  {
    "url" : "http://hl7.org/fhir/5.0/StructureDefinition/extension-ActorDefinition.contact",
    "valueContactDetail" : {
      "name" : "WHO",
      "telecom" : [{
        "system" : "url",
        "value" : "http://who.int"
      },
      {
        "system" : "email",
        "value" : "smart@who.int"
      }]
    }
  },
  {
    "url" : "http://hl7.org/fhir/5.0/StructureDefinition/extension-ActorDefinition.description",
    "valueMarkdown" : "Origin Country Health Wallet held by the Pilgrim"
  },
  {
    "url" : "http://hl7.org/fhir/5.0/StructureDefinition/extension-ActorDefinition.jurisdiction"
  },
  {
    "url" : "http://hl7.org/fhir/5.0/StructureDefinition/extension-ActorDefinition.type",
    "valueCode" : "system"
  }],
  "identifier" : [{
    "value" : "OCHW"
  }],
  "code" : {
    "coding" : [{
      "system" : "http://hl7.org/fhir/fhir-types",
      "code" : "ActorDefinition"
    }]
  }
}