{
  "resourceType" : "ValueSet",
  "id" : "Language",
  "text" : {
    "status" : "generated",
    "div" : "<div xmlns=\"http://www.w3.org/1999/xhtml\"><p class=\"res-header-id\"><b>Generated Narrative: ValueSet Language</b></p><a name=\"Language\"> </a><a name=\"hcLanguage\"> </a><a name=\"Language-en-US\"> </a><ul><li>Include all codes defined in <a href=\"CodeSystem-LanguageCs.html\"><code>http://smart.who.int/ips-pilgrimage/CodeSystem/LanguageCs</code></a></li></ul></div>"
  },
  "url" : "http://smart.who.int/ips-pilgrimage/ValueSet/Language",
  "version" : "2.0.2",
  "name" : "Language",
  "title" : "Language",
  "status" : "draft",
  "date" : "2025-02-05T20:03:08+00:00",
  "publisher" : "WHO",
  "contact" : [{
    "name" : "WHO",
    "telecom" : [{
      "system" : "url",
      "value" : "http://who.int"
    },
    {
      "system" : "email",
      "value" : "smart@who.int"
    }]
  }],
  "description" : "Language",
  "compose" : {
    "include" : [{
      "system" : "http://smart.who.int/ips-pilgrimage/CodeSystem/LanguageCs"
    }]
  }
}